language,text
English,"The study of language reveals fascinating patterns in human communication. Words follow predictable statistical distributions across all languages. The most common words appear with high frequency while rare words occur infrequently. This pattern known as Zipf's law demonstrates that word frequency is inversely proportional to rank. Linguists analyze these patterns to understand language structure and evolution. Text analysis provides insights into vocabulary usage and linguistic diversity. Researchers examine word frequencies to identify language characteristics. The relationship between word types and tokens measures lexical richness. Common function words like the and and appear most frequently in English texts. Content words carry semantic meaning and vary more across different contexts. Statistical methods help linguists quantify language properties. Corpus linguistics uses large text collections for systematic analysis. Word distribution patterns remain remarkably consistent across genres. Language statistics reveal universal properties of human communication systems."
Spanish,"El estudio del lenguaje revela patrones fascinantes en la comunicación humana. Las palabras siguen distribuciones estadísticas predecibles en todos los idiomas. Las palabras más comunes aparecen con alta frecuencia mientras que las palabras raras ocurren con poca frecuencia. Este patrón conocido como la ley de Zipf demuestra que la frecuencia de las palabras es inversamente proporcional al rango. Los lingüistas analizan estos patrones para comprender la estructura y evolución del lenguaje. El análisis de textos proporciona información sobre el uso del vocabulario y la diversidad lingüística. Los investigadores examinan las frecuencias de palabras para identificar características del lenguaje. La relación entre tipos de palabras y tokens mide la riqueza léxica. Las palabras funcionales comunes como el y la aparecen con mayor frecuencia en textos españoles. Las palabras de contenido llevan significado semántico y varían más en diferentes contextos. Los métodos estadísticos ayudan a los lingüistas a cuantificar las propiedades del lenguaje. La lingüística de corpus utiliza grandes colecciones de textos para análisis sistemático. Los patrones de distribución de palabras permanecen notablemente consistentes en todos los géneros. Las estadísticas del lenguaje revelan propiedades universales de los sistemas de comunicación humana."
German,"Das Studium der Sprache offenbart faszinierende Muster in der menschlichen Kommunikation. Wörter folgen vorhersagbaren statistischen Verteilungen in allen Sprachen. Die häufigsten Wörter erscheinen mit hoher Frequenz während seltene Wörter selten vorkommen. Dieses als Zipfsches Gesetz bekannte Muster zeigt dass die Worthäufigkeit umgekehrt proportional zum Rang ist. Linguisten analysieren diese Muster um Sprachstruktur und Evolution zu verstehen. Textanalyse bietet Einblicke in Vokabelverwendung und sprachliche Vielfalt. Forscher untersuchen Worthäufigkeiten um Sprachmerkmale zu identifizieren. Das Verhältnis zwischen Worttypen und Token misst lexikalischen Reichtum. Häufige Funktionswörter wie der und die erscheinen am häufigsten in deutschen Texten. Inhaltswörter tragen semantische Bedeutung und variieren mehr in verschiedenen Kontexten. Statistische Methoden helfen Linguisten Spracheigenschaften zu quantifizieren. Korpuslinguistik verwendet große Textsammlungen für systematische Analyse. Wortverteilungsmuster bleiben bemerkenswert konsistent über Genres hinweg. Sprachstatistiken enthüllen universelle Eigenschaften menschlicher Kommunikationssysteme."
Japanese,"言語の研究は人間のコミュニケーションにおける魅力的なパターンを明らかにします。単語はすべての言語で予測可能な統計分布に従います。最も一般的な単語は高頻度で出現し、まれな単語はまれにしか出現しません。ジップの法則として知られるこのパターンは、単語の頻度がランクに反比例することを示しています。言語学者はこれらのパターンを分析して言語構造と進化を理解します。テキスト分析は語彙の使用と言語の多様性についての洞察を提供します。研究者は言語の特徴を特定するために単語の頻度を調べます。単語タイプとトークンの関係は語彙の豊かさを測定します。一般的な機能語は日本語のテキストで最も頻繁に出現します。内容語は意味的意味を持ち、異なる文脈でより多く変化します。統計的方法は言語学者が言語特性を定量化するのに役立ちます。コーパス言語学は体系的な分析のために大規模なテキストコレクションを使用します。単語分布パターンはジャンル全体で著しく一貫しています。言語統計は人間のコミュニケーションシステムの普遍的な特性を明らかにします。"
French,"L'étude du langage révèle des modèles fascinants dans la communication humaine. Les mots suivent des distributions statistiques prévisibles dans toutes les langues. Les mots les plus courants apparaissent avec une fréquence élevée tandis que les mots rares se produisent rarement. Ce modèle connu sous le nom de loi de Zipf démontre que la fréquence des mots est inversement proportionnelle au rang. Les linguistes analysent ces modèles pour comprendre la structure et l'évolution du langage. L'analyse de texte fournit des informations sur l'utilisation du vocabulaire et la diversité linguistique. Les chercheurs examinent les fréquences des mots pour identifier les caractéristiques du langage. La relation entre les types de mots et les jetons mesure la richesse lexicale. Les mots fonctionnels courants comme le et la apparaissent le plus fréquemment dans les textes français. Les mots de contenu portent une signification sémantique et varient davantage selon les contextes. Les méthodes statistiques aident les linguistes à quantifier les propriétés du langage. La linguistique de corpus utilise de grandes collections de textes pour une analyse systématique. Les modèles de distribution des mots restent remarquablement cohérents d'un genre à l'autre. Les statistiques linguistiques révèlent les propriétés universelles des systèmes de communication humaine."
Italian,"Lo studio del linguaggio rivela modelli affascinanti nella comunicazione umana. Le parole seguono distribuzioni statistiche prevedibili in tutte le lingue. Le parole più comuni appaiono con alta frequenza mentre le parole rare si verificano raramente. Questo modello noto come legge di Zipf dimostra che la frequenza delle parole è inversamente proporzionale al rango. I linguisti analizzano questi modelli per comprendere la struttura e l'evoluzione del linguaggio. L'analisi del testo fornisce informazioni sull'uso del vocabolario e sulla diversità linguistica. I ricercatori esaminano le frequenze delle parole per identificare le caratteristiche del linguaggio. Il rapporto tra tipi di parole e token misura la ricchezza lessicale. Le parole funzionali comuni come il e la appaiono più frequentemente nei testi italiani. Le parole di contenuto portano significato semantico e variano di più in contesti diversi. I metodi statistici aiutano i linguisti a quantificare le proprietà del linguaggio. La linguistica dei corpora utilizza grandi raccolte di testi per l'analisi sistematica. I modelli di distribuzione delle parole rimangono notevolmente coerenti tra i generi. Le statistiche linguistiche rivelano proprietà universali dei sistemi di comunicazione umana."
Portuguese,"O estudo da linguagem revela padrões fascinantes na comunicação humana. As palavras seguem distribuições estatísticas previsíveis em todos os idiomas. As palavras mais comuns aparecem com alta frequência enquanto palavras raras ocorrem com pouca frequência. Este padrão conhecido como lei de Zipf demonstra que a frequência das palavras é inversamente proporcional à classificação. Os linguistas analisam esses padrões para entender a estrutura e evolução da linguagem. A análise de texto fornece insights sobre o uso do vocabulário e a diversidade linguística. Os pesquisadores examinam as frequências das palavras para identificar características da linguagem. A relação entre tipos de palavras e tokens mede a riqueza lexical. Palavras funcionais comuns como o e a aparecem com mais frequência em textos portugueses. Palavras de conteúdo carregam significado semântico e variam mais em diferentes contextos. Métodos estatísticos ajudam os linguistas a quantificar propriedades da linguagem. A linguística de corpus usa grandes coleções de textos para análise sistemática. Os padrões de distribuição de palavras permanecem notavelmente consistentes entre gêneros. As estatísticas da linguagem revelam propriedades universais dos sistemas de comunicação humana."
Russian,"Изучение языка раскрывает увлекательные закономерности в человеческом общении. Слова следуют предсказуемым статистическим распределениям во всех языках. Наиболее распространенные слова появляются с высокой частотой в то время как редкие слова встречаются нечасто. Эта закономерность известная как закон Ципфа демонстрирует что частота слов обратно пропорциональна рангу. Лингвисты анализируют эти закономерности чтобы понять структуру и эволюцию языка. Анализ текста дает представление об использовании словарного запаса и языковом разнообразии. Исследователи изучают частоту слов чтобы определить характеристики языка. Соотношение между типами слов и токенами измеряет лексическое богатство. Общие служебные слова появляются наиболее часто в русских текстах. Содержательные слова несут семантическое значение и больше варьируются в различных контекстах. Статистические методы помогают лингвистам количественно оценить свойства языка. Корпусная лингвистика использует большие текстовые коллекции для систематического анализа. Закономерности распределения слов остаются удивительно последовательными во всех жанрах. Языковая статистика раскрывает универсальные свойства систем человеческого общения."
Chinese,"语言研究揭示了人类交流中的迷人模式。单词在所有语言中都遵循可预测的统计分布。最常见的单词以高频率出现而罕见的单词很少出现。这种被称为齐普夫定律的模式表明单词频率与排名成反比。语言学家分析这些模式以了解语言结构和演变。文本分析提供了对词汇使用和语言多样性的见解。研究人员检查单词频率以识别语言特征。单词类型和标记之间的关系衡量词汇丰富度。常见的功能词在中文文本中出现最频繁。内容词承载语义意义并在不同语境中变化更多。统计方法帮助语言学家量化语言属性。语料库语言学使用大型文本集合进行系统分析。单词分布模式在不同体裁中保持显著一致。语言统计揭示了人类交流系统的普遍属性。"
Arabic,"تكشف دراسة اللغة عن أنماط رائعة في التواصل البشري. تتبع الكلمات توزيعات إحصائية يمكن التنبؤ بها عبر جميع اللغات. تظهر الكلمات الأكثر شيوعًا بتردد عالٍ بينما تحدث الكلمات النادرة بشكل غير متكرر. يوضح هذا النمط المعروف بقانون زيبف أن تردد الكلمات يتناسب عكسيًا مع الرتبة. يحلل اللغويون هذه الأنماط لفهم بنية اللغة وتطورها. يوفر تحليل النص رؤى حول استخدام المفردات والتنوع اللغوي. يفحص الباحثون ترددات الكلمات لتحديد خصائص اللغة. تقيس العلاقة بين أنواع الكلمات والرموز الثراء المعجمي. تظهر الكلمات الوظيفية الشائعة بشكل أكثر تكرارًا في النصوص العربية. تحمل كلمات المحتوى معنى دلالي وتختلف أكثر عبر سياقات مختلفة. تساعد الأساليب الإحصائية اللغويين في تحديد خصائص اللغة. تستخدم لغويات المدونة مجموعات نصية كبيرة للتحليل المنهجي. تظل أنماط توزيع الكلمات متسقة بشكل ملحوظ عبر الأنواع. تكشف إحصاءات اللغة عن الخصائص العالمية لأنظمة الاتصال البشرية."
Hindi,"भाषा का अध्ययन मानव संचार में आकर्षक पैटर्न को प्रकट करता है। शब्द सभी भाषाओं में अनुमानित सांख्यिकीय वितरण का पालन करते हैं। सबसे आम शब्द उच्च आवृत्ति के साथ प्रकट होते हैं जबकि दुर्लभ शब्द कभी-कभार होते हैं। ज़िप्फ के नियम के रूप में जाना जाने वाला यह पैटर्न दर्शाता है कि शब्द आवृत्ति रैंक के व्युत्क्रमानुपाती है। भाषाविद भाषा संरचना और विकास को समझने के लिए इन पैटर्न का विश्लेषण करते हैं। पाठ विश्लेषण शब्दावली उपयोग और भाषाई विविधता में अंतर्दृष्टि प्रदान करता है। शोधकर्ता भाषा विशेषताओं की पहचान करने के लिए शब्द आवृत्तियों की जांच करते हैं। शब्द प्रकार और टोकन के बीच संबंध शाब्दिक समृद्धि को मापता है। सामान्य कार्य शब्द हिंदी ग्रंथों में सबसे अधिक बार दिखाई देते हैं। सामग्री शब्द अर्थ अर्थ रखते हैं और विभिन्न संदर्भों में अधिक भिन्न होते हैं। सांख्यिकीय तरीके भाषाविदों को भाषा गुणों को मापने में मदद करते हैं। कॉर्पस भाषाविज्ञान व्यवस्थित विश्लेषण के लिए बड़े पाठ संग्रह का उपयोग करता है। शब्द वितरण पैटर्न शैलियों में उल्लेखनीय रूप से सुसंगत रहते हैं। भाषा सांख्यिकी मानव संचार प्रणालियों के सार्वभौमिक गुणों को प्रकट करती है।"
Korean,"언어 연구는 인간 커뮤니케이션의 매혹적인 패턴을 드러냅니다. 단어는 모든 언어에서 예측 가능한 통계적 분포를 따릅니다. 가장 일반적인 단어는 높은 빈도로 나타나며 희귀한 단어는 드물게 발생합니다. 집프의 법칙으로 알려진 이 패턴은 단어 빈도가 순위에 반비례한다는 것을 보여줍니다. 언어학자들은 언어 구조와 진화를 이해하기 위해 이러한 패턴을 분석합니다. 텍스트 분석은 어휘 사용과 언어적 다양성에 대한 통찰력을 제공합니다. 연구자들은 언어 특성을 식별하기 위해 단어 빈도를 조사합니다. 단어 유형과 토큰 간의 관계는 어휘의 풍부함을 측정합니다. 일반적인 기능어는 한국어 텍스트에서 가장 자주 나타납니다. 내용어는 의미론적 의미를 전달하며 다른 맥락에서 더 많이 다릅니다. 통계적 방법은 언어학자들이 언어 속성을 정량화하는 데 도움이 됩니다. 코퍼스 언어학은 체계적인 분석을 위해 대규모 텍스트 컬렉션을 사용합니다. 단어 분포 패턴은 장르 전반에 걸쳐 현저하게 일관성을 유지합니다. 언어 통계는 인간 커뮤니케이션 시스템의 보편적 속성을 드러냅니다."
Dutch,"De studie van taal onthult fascinerende patronen in menselijke communicatie. Woorden volgen voorspelbare statistische verdelingen in alle talen. De meest voorkomende woorden verschijnen met hoge frequentie terwijl zeldzame woorden zelden voorkomen. Dit patroon bekend als de wet van Zipf toont aan dat woordfrequentie omgekeerd evenredig is aan rang. Taalkundigen analyseren deze patronen om taalstructuur en evolutie te begrijpen. Tekstanalyse biedt inzicht in vocabulairegebruik en taalkundige diversiteit. Onderzoekers onderzoeken woordfrequenties om taalkenmerken te identificeren. De relatie tussen woordtypen en tokens meet lexicale rijkdom. Veelvoorkomende functiewoorden verschijnen het vaakst in Nederlandse teksten. Inhoudswoorden dragen semantische betekenis en variëren meer in verschillende contexten. Statistische methoden helpen taalkundigen taaleigenschappen te kwantificeren. Corpuslinguïstiek gebruikt grote tekstverzamelingen voor systematische analyse. Woorddistributiepatronen blijven opmerkelijk consistent over genres heen. Taalstatistieken onthullen universele eigenschappen van menselijke communicatiesystemen."
Swedish,"Studiet av språk avslöjar fascinerande mönster i mänsklig kommunikation. Ord följer förutsägbara statistiska fördelningar i alla språk. De vanligaste orden förekommer med hög frekvens medan sällsynta ord förekommer sällan. Detta mönster känt som Zipfs lag visar att ordfrekvens är omvänt proportionell mot rang. Lingvister analyserar dessa mönster för att förstå språkstruktur och evolution. Textanalys ger insikter om ordförrådsanvändning och språklig mångfald. Forskare undersöker ordfrekvenser för att identifiera språkegenskaper. Förhållandet mellan ordtyper och tokens mäter lexikal rikedom. Vanliga funktionsord förekommer oftast i svenska texter. Innehållsord bär semantisk betydelse och varierar mer i olika sammanhang. Statistiska metoder hjälper lingvister att kvantifiera språkegenskaper. Korpuslingvistik använder stora textsamlingar för systematisk analys. Orddistributionsmönster förblir anmärkningsvärt konsekventa över genrer. Språkstatistik avslöjar universella egenskaper hos mänskliga kommunikationssystem."
Norwegian,"Studiet av språk avslører fascinerende mønstre i menneskelig kommunikasjon. Ord følger forutsigbare statistiske fordelinger på tvers av alle språk. De vanligste ordene vises med høy frekvens mens sjeldne ord forekommer sjelden. Dette mønsteret kjent som Zipfs lov viser at ordfrekvens er omvendt proporsjonal med rang. Lingvister analyserer disse mønstrene for å forstå språkstruktur og evolusjon. Tekstanalyse gir innsikt i ordforrådsbruk og språklig mangfold. Forskere undersøker ordfrekvenser for å identifisere språkegenskaper. Forholdet mellom ordtyper og tokens måler leksikalsk rikdom. Vanlige funksjonsord vises oftest i norske tekster. Innholdsord bærer semantisk betydning og varierer mer på tvers av forskjellige kontekster. Statistiske metoder hjelper lingvister med å kvantifisere språkegenskaper. Korpuslingvistikk bruker store tekstsamlinger for systematisk analyse. Orddistribusjonsmønstre forblir bemerkelsesverdig konsistente på tvers av sjangre. Språkstatistikk avslører universelle egenskaper ved menneskelige kommunikasjonssystemer."
Danish,"Studiet af sprog afslører fascinerende mønstre i menneskelig kommunikation. Ord følger forudsigelige statistiske fordelinger på tværs af alle sprog. De mest almindelige ord vises med høj frekvens mens sjældne ord forekommer sjældent. Dette mønster kendt som Zipfs lov viser at ordfrekvens er omvendt proportional med rang. Lingvister analyserer disse mønstre for at forstå sprogstruktur og evolution. Tekstanalyse giver indsigt i ordforråd brug og sproglig mangfoldighed. Forskere undersøger ordfrekvenser for at identificere sprogegenskaber. Forholdet mellem ordtyper og tokens måler leksikalsk rigdom. Almindelige funktionsord vises oftest i danske tekster. Indholdsord bærer semantisk betydning og varierer mere på tværs af forskellige kontekster. Statistiske metoder hjælper lingvister med at kvantificere sprogegenskaber. Korpuslingvistik bruger store tekstsamlinger til systematisk analyse. Orddistributionsmønstre forbliver bemærkelsesværdigt konsistente på tværs af genrer. Sprogstatistik afslører universelle egenskaber ved menneskelige kommunikationssystemer."
Finnish,"Kielen tutkimus paljastaa kiehtovia malleja ihmisten viestinnässä. Sanat noudattavat ennustettavia tilastollisia jakaumia kaikissa kielissä. Yleisimmät sanat esiintyvät korkealla taajuudella kun taas harvinaiset sanat esiintyvät harvoin. Tämä Zipfin lakina tunnettu malli osoittaa että sanojen taajuus on kääntäen verrannollinen järjestykseen. Kielitieteilijät analysoivat näitä malleja ymmärtääkseen kielen rakennetta ja kehitystä. Tekstianalyysi tarjoaa näkemyksiä sanaston käytöstä ja kielellisestä monimuotoisuudesta. Tutkijat tutkivat sanatiheydet tunnistaakseen kielen ominaisuudet. Sanatyyppien ja merkkien välinen suhde mittaa leksikaalista rikkautta. Yleiset toimintasanat esiintyvät useimmiten suomalaisissa teksteissä. Sisältösanat kantavat semanttista merkitystä ja vaihtelevat enemmän eri yhteyksissä. Tilastolliset menetelmät auttavat kielitieteilijöitä kvantifioimaan kielen ominaisuuksia. Korpuskielitiede käyttää suuria tekstikokoelmia järjestelmälliseen analyysiin. Sanojen jakautumallit pysyvät huomattavan johdonmukaisina eri genreissä. Kielen tilastot paljastavat ihmisen viestintäjärjestelmien yleismaailmallisia ominaisuuksia."
Polish,"Badanie języka ujawnia fascynujące wzorce w komunikacji międzyludzkiej. Słowa podlegają przewidywalnym rozkładom statystycznym we wszystkich językach. Najczęstsze słowa pojawiają się z wysoką częstotliwością podczas gdy rzadkie słowa występują rzadko. Ten wzorzec znany jako prawo Zipfa pokazuje że częstotliwość słów jest odwrotnie proporcjonalna do rangi. Językoznawcy analizują te wzorce aby zrozumieć strukturę i ewolucję języka. Analiza tekstu dostarcza wglądu w użycie słownictwa i różnorodność językową. Badacze badają częstotliwości słów aby zidentyfikować cechy językowe. Relacja między typami słów a tokenami mierzy bogactwo leksykalne. Wspólne słowa funkcyjne pojawiają się najczęściej w polskich tekstach. Słowa treściowe niosą znaczenie semantyczne i różnią się bardziej w różnych kontekstach. Metody statystyczne pomagają językoznawcom kwantyfikować właściwości językowe. Językoznawstwo korpusowe wykorzystuje duże zbiory tekstów do systematycznej analizy. Wzorce dystrybucji słów pozostają niezwykle spójne w różnych gatunkach. Statystyki językowe ujawniają uniwersalne właściwości ludzkich systemów komunikacji."
Turkish,"Dil çalışması insan iletişiminde büyüleyici desenler ortaya çıkarır. Kelimeler tüm dillerde öngörülebilir istatistiksel dağılımları takip eder. En yaygın kelimeler yüksek sıklıkla görünürken nadir kelimeler nadiren ortaya çıkar. Zipf yasası olarak bilinen bu desen kelime sıklığının sıralamayla ters orantılı olduğunu gösterir. Dilbilimciler dil yapısını ve evrimini anlamak için bu desenleri analiz eder. Metin analizi kelime dağarcığı kullanımı ve dilsel çeşitlilik hakkında içgörüler sağlar. Araştırmacılar dil özelliklerini belirlemek için kelime sıklıklarını inceler. Kelime türleri ve belirteçler arasındaki ilişki sözcüksel zenginliği ölçer. Yaygın işlev kelimeleri Türkçe metinlerde en sık görünür. İçerik kelimeleri anlamsal anlam taşır ve farklı bağlamlarda daha fazla değişir. İstatistiksel yöntemler dilbilimcilerin dil özelliklerini ölçmelerine yardımcı olur. Derlem dilbilimi sistematik analiz için büyük metin koleksiyonları kullanır. Kelime dağılım desenleri türler arasında oldukça tutarlı kalır. Dil istatistikleri insan iletişim sistemlerinin evrensel özelliklerini ortaya çıkarır."
Greek,"Η μελέτη της γλώσσας αποκαλύπτει συναρπαστικά μοτίβα στην ανθρώπινη επικοινωνία. Οι λέξεις ακολουθούν προβλέψιμες στατιστικές κατανομές σε όλες τις γλώσσες. Οι πιο συνηθισμένες λέξεις εμφανίζονται με υψηλή συχνότητα ενώ οι σπάνιες λέξεις εμφανίζονται σπάνια. Αυτό το μοτίβο γνωστό ως νόμος του Zipf δείχνει ότι η συχνότητα λέξεων είναι αντιστρόφως ανάλογη με την κατάταξη. Οι γλωσσολόγοι αναλύουν αυτά τα μοτίβα για να κατανοήσουν τη γλωσσική δομή και εξέλιξη. Η ανάλυση κειμένου παρέχει πληροφορίες σχετικά με τη χρήση λεξιλογίου και γλωσσική ποικιλομορφία. Οι ερευνητές εξετάζουν τις συχνότητες λέξεων για να εντοπίσουν γλωσσικά χαρακτηριστικά. Η σχέση μεταξύ τύπων λέξεων και διακριτικών μετρά το λεξικό πλούτο. Οι συνηθισμένες λειτουργικές λέξεις εμφανίζονται συχνότερα σε ελληνικά κείμενα. Οι λέξεις περιεχομένου φέρουν σημασιολογική σημασία και διαφέρουν περισσότερο σε διαφορετικά πλαίσια. Οι στατιστικές μέθοδοι βοηθούν τους γλωσσολόγους να ποσοτικοποιήσουν τις γλωσσικές ιδιότητες. Η γλωσσολογία σώματος χρησιμοποιεί μεγάλες συλλογές κειμένων για συστηματική ανάλυση. Τα μοτίβα κατανομής λέξεων παραμένουν εντυπωσιακά συνεπή σε όλα τα είδη. Τα γλωσσικά στατιστικά αποκαλύπτουν παγκόσμιες ιδιότητες των ανθρώπινων συστημάτων επικοινωνίας."
Hebrew,"מחקר השפה חושף דפוסים מרתקים בתקשורת אנושית. מילים עוקבות אחר התפלגויות סטטיסטיות צפויות בכל השפות. המילים הנפוצות ביותר מופיעות בתדירות גבוהה בעוד שמילים נדירות מתרחשות לעיתים רחוקות. דפוס זה המכונה חוק זיפף מדגים כי תדירות המילים עומדת ביחס הפוך לדירוג. בלשנים מנתחים דפוסים אלה כדי להבין את מבנה השפה והאבולוציה שלה. ניתוח טקסט מספק תובנות לגבי שימוש באוצר מילים ומגוון לשוני. חוקרים בוחנים את תדירויות המילים כדי לזהות מאפייני שפה. היחס בין סוגי מילים לאסימונים מודד עושר לקסיקלי. מילות פונקציה נפוצות מופיעות לרוב בטקסטים עבריים. מילות תוכן נושאות משמעות סמנטית ומשתנות יותר בהקשרים שונים. שיטות סטטיסטיות עוזרות לבלשנים לכמת תכונות שפה. בלשנות קורפוס משתמשת באוספי טקסט גדולים לניתוח שיטתי. דפוסי התפלגות מילים נשארים עקביים להפליא בכל הז'אנרים. סטטיסטיקת שפה חושפת תכונות אוניברסליות של מערכות תקשורת אנושיות."
Thai,"การศึกษาภาษาเผยให้เห็นรูปแบบที่น่าสนใจในการสื่อสารของมนุษย์ คำต่างๆ เป็นไปตามการกระจายทางสถิติที่คาดการณ์ได้ในทุกภาษา คำที่พบบ่อยที่สุดปรากฏด้วยความถี่สูงในขณะที่คำหายากเกิดขึ้นไม่บ่อย รูปแบบนี้เรียกว่ากฎของซิปฟ์แสดงให้เห็นว่าความถี่ของคำแปรผกผันกับอันดับ นักภาษาศาสตร์วิเคราะห์รูปแบบเหล่านี้เพื่อทำความเข้าใจโครงสร้างและวิวัฒนาการของภาษา การวิเคราะห์ข้อความให้ข้อมูลเชิงลึกเกี่ยวกับการใช้คำศัพท์และความหลากหลายทางภาษา นักวิจัยตรวจสอบความถี่ของคำเพื่อระบุลักษณะของภาษา ความสัมพันธ์ระหว่างประเภทของคำและโทเค็นวัดความร่ำรวยของศัพท์ คำหน้าที่ทั่วไปปรากฏบ่อยที่สุดในข้อความภาษาไทย คำเนื้อหาพกความหมายเชิงความหมายและแตกต่างกันมากขึ้นในบริบทที่ต่างกัน วิธีการทางสถิติช่วยให้นักภาษาศาสตร์วัดคุณสมบัติของภาษา ภาษาศาสตร์คลังใช้คอลเลกชันข้อความขนาดใหญ่สำหรับการวิเคราะห์อย่างเป็นระบบ รูปแบบการกระจายคำยังคงสอดคล้องกันอย่างน่าทึ่งในทุกประเภท สถิติภาษาเผยให้เห็นคุณสมบัติสากลของระบบการสื่อสารของมนุษย์"
Vietnamese,"Nghiên cứu ngôn ngữ tiết lộ những mẫu hình hấp dẫn trong giao tiếp của con người. Từ ngữ tuân theo các phân phối thống kê có thể dự đoán trên tất cả các ngôn ngữ. Các từ phổ biến nhất xuất hiện với tần suất cao trong khi các từ hiếm xảy ra không thường xuyên. Mẫu hình này được gọi là định luật Zipf chứng minh rằng tần suất từ tỷ lệ nghịch với thứ hạng. Các nhà ngôn ngữ học phân tích những mẫu hình này để hiểu cấu trúc và tiến hóa của ngôn ngữ. Phân tích văn bản cung cấp cái nhìn sâu sắc về việc sử dụng từ vựng và sự đa dạng ngôn ngữ. Các nhà nghiên cứu kiểm tra tần suất từ để xác định các đặc điểm ngôn ngữ. Mối quan hệ giữa các loại từ và token đo lường sự phong phú về từ vựng. Các từ chức năng phổ biến xuất hiện thường xuyên nhất trong các văn bản tiếng Việt. Các từ nội dung mang ý nghĩa ngữ nghĩa và thay đổi nhiều hơn trong các ngữ cảnh khác nhau. Các phương pháp thống kê giúp các nhà ngôn ngữ học định lượng các thuộc tính ngôn ngữ. Ngôn ngữ học kho sử dụng các bộ sưu tập văn bản lớn để phân tích có hệ thống. Các mẫu phân phối từ vẫn đáng kể nhất quán trên các thể loại. Thống kê ngôn ngữ tiết lộ các thuộc tính phổ quát của hệ thống giao tiếp con người."
Indonesian,"Studi bahasa mengungkapkan pola menarik dalam komunikasi manusia. Kata-kata mengikuti distribusi statistik yang dapat diprediksi di semua bahasa. Kata-kata yang paling umum muncul dengan frekuensi tinggi sementara kata-kata langka terjadi jarang. Pola ini yang dikenal sebagai hukum Zipf menunjukkan bahwa frekuensi kata berbanding terbalik dengan peringkat. Ahli bahasa menganalisis pola-pola ini untuk memahami struktur dan evolusi bahasa. Analisis teks memberikan wawasan tentang penggunaan kosakata dan keragaman linguistik. Peneliti memeriksa frekuensi kata untuk mengidentifikasi karakteristik bahasa. Hubungan antara jenis kata dan token mengukur kekayaan leksikal. Kata-kata fungsi umum muncul paling sering dalam teks bahasa Indonesia. Kata-kata konten membawa makna semantik dan bervariasi lebih banyak di berbagai konteks. Metode statistik membantu ahli bahasa mengukur sifat bahasa. Linguistik korpus menggunakan koleksi teks besar untuk analisis sistematis. Pola distribusi kata tetap sangat konsisten di seluruh genre. Statistik bahasa mengungkapkan sifat universal sistem komunikasi manusia."
