doc_id,author,year,title,text
DOC001,Smith,1850,Social Conditions,The industrial revolution brought profound changes to society and economy. Workers moved from rural areas to cities seeking employment in factories. Living conditions were often poor and wages were low.
DOC002,Johnson,1852,Economic Progress,Manufacturing output increased dramatically during this period. New technologies enabled mass production of goods. International trade expanded as transportation improved with railways and steamships.
DOC003,Williams,1855,Labor Movement,Workers began organizing to demand better conditions and fair wages. Trade unions formed to represent laborers interests. Strikes became more common as workers sought collective bargaining power.
DOC004,Brown,1858,Urban Development,Cities grew rapidly as migration from countryside accelerated. Infrastructure struggled to keep pace with population growth. Sanitation and housing became major public health concerns.
DOC005,Davis,1860,Technological Innovation,Steam power revolutionized manufacturing and transportation. Mechanization transformed production processes. Inventors developed new machinery that increased efficiency and output.
DOC006,Miller,1862,Social Reform,Reformers advocated for improved working conditions and education. Child labor practices drew increasing criticism. Movements emerged to address poverty and inequality in industrial society.
DOC007,Wilson,1865,Economic Theory,Economists debated the impacts of industrialization on society. Questions arose about distribution of wealth and resources. New economic theories attempted to explain market dynamics.
DOC008,Moore,1867,Political Change,Industrialization influenced political movements and ideologies. Workers demanded greater political representation. Governments faced pressure to regulate industry and protect labor rights.
DOC009,Taylor,1870,Education Reform,Literacy rates increased as education became more accessible. Schools expanded to prepare workers for industrial economy. Public education systems developed in urban areas.
DOC010,Anderson,1872,Transportation Revolution,Railways connected distant regions and facilitated commerce. Steamships reduced travel time across oceans. Transportation networks enabled movement of goods and people at unprecedented scale.
DOC011,Thomas,1875,Agricultural Changes,Mechanization affected rural areas and farming practices. Migration to cities reduced agricultural workforce. Traditional ways of life transformed as industrialization spread.
DOC012,Jackson,1877,Public Health,Urban crowding led to disease outbreaks and health crises. Sanitation systems improved gradually in major cities. Public health initiatives addressed water supply and waste management.
DOC013,White,1880,Cultural Shifts,Traditional social structures changed with urbanization. Family dynamics evolved as work moved outside homes. Cultural institutions adapted to industrial society needs.
DOC014,Harris,1882,Labor Legislation,Governments enacted laws to regulate working conditions. Factory acts limited working hours and improved safety. Legal frameworks developed to address industrial labor issues.
DOC015,Martin,1885,Women and Industry,Women entered industrial workforce in significant numbers. Female workers faced discrimination and lower wages. Womens roles in society began shifting with economic changes.
DOC016,Thompson,1887,Immigration Patterns,Industrial centers attracted immigrants seeking opportunity. Diverse populations concentrated in urban areas. Immigration influenced cultural and economic development.
DOC017,Garcia,1890,Environmental Impact,Industrialization caused pollution and environmental degradation. Rivers and air quality deteriorated in manufacturing regions. Natural resources faced increased exploitation and depletion.
DOC018,Martinez,1892,Banking Systems,Financial institutions evolved to support industrial economy. Banking networks facilitated business expansion and investment. Credit systems developed to fund manufacturing and commerce.
DOC019,Robinson,1895,International Relations,Industrial powers competed for resources and markets globally. Colonial expansion driven by economic interests. International tensions increased with economic competition.
DOC020,Clark,1897,Scientific Progress,Scientific advances supported technological innovation. Research institutions emerged to study industrial processes. Science and industry became increasingly interconnected.
